{
  "project_info": {
    "project_number": "910453714856",
    "firebase_url": "https://mbta-subway-companion.firebaseio.com",
    "project_id": "mbta-subway-companion",
    "storage_bucket": "mbta-subway-companion.appspot.com"
  },
  "client": [
    {
      "client_info": {
        "mobilesdk_app_id": "1:910453714856:android:a77f97060609561e",
        "android_client_info": {
          "package_name": "com.plushundred.boston_t_companion"
        }
      },
      "oauth_client": [
        {
          "client_id": "910453714856-ol09gg5mpbt3buai5hbn2s0uq9uhd1d6.apps.googleusercontent.com",
          "client_type": 3
        }
      ],
      "api_key": [
        {
          "current_key": "AIzaSyAc0KTXVwsaicsJ7f9ggEu6AmIl1JO_BQg"
        }
      ],
      "services": {
        "appinvite_service": {
          "other_platform_oauth_client": [
            {
              "client_id": "910453714856-ol09gg5mpbt3buai5hbn2s0uq9uhd1d6.apps.googleusercontent.com",
              "client_type": 3
            },
            {
              "client_id": "910453714856-ebo5e71mski1p9dbaunhm52uc0sk36do.apps.googleusercontent.com",
              "client_type": 2,
              "ios_info": {
                "bundle_id": "com.plushundred.boston-t-map"
              }
            }
          ]
        }
      }
    }
  ],
  "configuration_version": "1"
}